{
  "gist_improvement": {
    "mean": 0.40878996682265717,
    "std": 0.14672064905338333,
    "percentiles": {
      "0.25": 0.30276608907072705,
      "0.5": 0.4105272613283443,
      "0.75": 0.518684129163514
    }
  },
  "roi_statistics": {
    "mean": -0.30089843792128085,
    "std": 0.12401134553478939,
    "success_rate": 0.019166666666666665,
    "percentiles": {
      "0.25": -0.3947046794745034,
      "0.5": -0.3206698611939297,
      "0.75": -0.22314668612684904
    }
  },
  "transformation_time": {
    "mean_months": 313.18545983167036,
    "std_months": 24.45955612086253
  },
  "validation_metrics": {
    "cases_above_99_95": 1.0,
    "tco_reduction_above_30": 0.36256410256410254,
    "roi_positive_rate": 0.019166666666666665
  }
}